"Prefab","Boss","Role","DisplayName","Health","ActionsPerTurn","Brain","Targeting","LootTable","DeckSize","Deck","BrandonsPowerLevel","EffectivePower","Notes","GUID"
"SkeletonAlly","No","None","Skeleton","15","1","Warrior","","","4","EnemySlash|EnemySlash|MoveInnate|MoveInnate","2","2","","eaade4b777fd45447af03588cf3692e5"
"BlackKnight","Yes","None","Black Knight","120","2","Summoner","Strongest","BlackKnightDrop","5","DreadCleave|DreadCleave|BlackGuard|CallTheDamned|MoveInnate","2","2","","fae9e0d8df06f744cb3eed28f98bb54f"
"EvilKing","Yes","None","Evil King","140","2","Summoner","Strongest","EvilKingDrop","7","ExecutionersBlow|ExecutionersBlow|RoyalGuard|RoyalGuard|RoyalCommand|MoveInnate|MoveInnate","2","2","","e58fd978e913eea4699c373a33b5e08b"
"EvilKnight","Yes","None","Evil Knight","130","2","Summoner","Closest","EvilKnightDrop","7","Riposte|Riposte|ShieldBash|ShieldBash|Rally|MoveInnate|MoveInnate","2","2","","e6c2dbc2feb811c4dbfea4d90220a6a5"
"EvilWizard","Yes","None","Evil Wizard","90","2","Summoner","Weakest","EvilWizardDrop","7","DarkBolt|DarkBolt|ShadowWard|ShadowWard|SummonImp|MoveInnate|MoveInnate","2","2","","51a9fe976e746be4385a09a12bb4cc36"
"EvilWizard2","Yes","None","Dread Sorcerer","95","2","Summoner","Furthest","EvilWizard2Drop","7","ArcaneLance|ArcaneLance|VoidBarrier|VoidBarrier|CallTheSwarm|MoveInnate|MoveInnate","2","2","","8a02da994bf78784c901145a07a767e4"
"EvilWizard3","Yes","None","Emberlord","100","2","Summoner","Strongest","EvilWizard3Drop","7","MeteorFall|MeteorFall|EmberShroud|EmberShroud|ConjureOoze|MoveInnate|MoveInnate","2","2","","e47742cc0b6bff34d80516b86f0ed93e"
"Reaper","Yes","None","Reaper","110","2","Summoner","Weakest","ReaperDrop","7","SoulReap|SoulReap|DeathsToll|DeathsToll|RaiseDead|MoveInnate|MoveInnate","2","2","","f5f2a9fce9bdff34a958576185c3c68b"
"ReinforcedGolem","Yes","None","Reinforced Golem","150","2","Summoner","Closest","ReinforcedGolemDrop","7","SeismicSlam|SeismicSlam|StoneSkin|StoneSkin|SplinterOff|MoveInnate|MoveInnate","2","2","","8d47800381e9665459f3b0826adf6b76"
"Bat","No","Both","Bat","15","2","Warrior","Weakest","","5","DrainBite|DrainBite|DrainBite|DrainBite|MoveInnate","2","2","","51cc0c0b40e7b264ebdf1dc4594559a6"
"Crab","No","Frontline","Crab","18","1","Warrior","Closest","","5","PincerGrip|PincerGrip|PincerGrip|MoveInnate|MoveInnate","2","2","","f80d9dc6173669245bd4782952cd1667"
"EnemyRanger","No","Backline","Ranger","10","1","Ranger","RangerTargeting","","5","EnemyArrow|EnemyArrow|EnemyArrow|EnemyArrow|MoveInnate","2","2","","e40f592bea6dbd64693626dad514798b"
"FlyingEye","No","Backline","Flying Eye","10","1","Ranger","Furthest","","5","WitheringGaze|WitheringGaze|WitheringGaze|MoveInnate|MoveInnate","2","2","","158567c6103052b45a79feac134a4c3b"
"Goblin","No","Frontline","Goblin","14","2","Warrior","Weakest","","5","Backstab|Backstab|Backstab|MoveInnate|MoveInnate","2","2","","fe7fe8169a3ae3f4ab1463af48263a1a"
"Golem","No","Frontline","Golem","30","1","Warrior","Closest","","5","BoulderSmash|BoulderSmash|BoulderSmash|MoveInnate|MoveInnate","2","2","","5bdb828176c88144986e3b367ffda1b4"
"HeavyBandit","No","Frontline","Heavy Bandit","22","1","Warrior","Strongest","","5","HeavySwing|HeavySwing|HeavySwing|MoveInnate|MoveInnate","2","2","","abb6f217c283d344999e3f27fa36640f"
"LightBandit","No","Backline","Light Bandit","12","2","Warrior","Weakest","","5","QuickCut|QuickCut|QuickCut|MoveInnate|MoveInnate","2","2","","df52b2ab92f38fd4eb6d6064e8197a56"
"Mimic","No","Frontline","Mimic","26","1","Warrior","Closest","","5","Chomp|Chomp|Chomp|MoveInnate|MoveInnate","2","2","","022c86b9aa20aaf44806e866dd6d8971"
"Mushroom","No","Frontline","Mushroom","13","1","Ranger","Closest","PoisonSkeleton","5","SporeCloud|SporeCloud|SporeCloud|MoveInnate|MoveInnate","2","2","","f04aa7787f30bab4a96433807a0f06a5"
"Pebble","No","Frontline","Pebble","6","1","Warrior","Closest","","5","Roll|Roll|Roll|MoveInnate|MoveInnate","2","2","","cffb630e9ce4c0f4798ae3e294d1d8e8"
"PlagueRat","No","Frontline","Plague Rat","11","2","Warrior","Weakest","PoisonSkeleton","5","PlagueBite|PlagueBite|PlagueBite|MoveInnate|MoveInnate","2","2","","37960ead296e23e4ca189530884917c3"
"Rat","No","Frontline","Rat","9","2","Warrior","Weakest","","5","Gnaw|Gnaw|Gnaw|MoveInnate|MoveInnate","2","2","","b9a57d66ac78e19468a62c235ce3e746"
"Skeleton","No","Frontline","Skeleton","16","1","Warrior","Closest","","5","BoneBulwark|BoneBulwark|BoneBulwark|MoveInnate|MoveInnate","2","2","","909b3cba860296d47997ee7846ec93f8"
"SkeletonWarrior","No","Frontline","Skeleton Warrior","25","1","Warrior","WarriorTargeting","EarlyGame","5","EnemySlash|MoveInnate|EnemySlash|EnemySlash|EnemySlash","1","1","","d1b7793de9d268945bdf70cf0af39a94"
"Skull","No","Backline","Skull","7","1","Warrior","Random","","5","BoneChill|BoneChill|BoneChill|MoveInnate|MoveInnate","2","2","","40cab8c86b3615741ac4bc8db8156b37"
"Slime","No","Frontline","Slime","20","1","Warrior","Closest","","5","Engulf|Engulf|Engulf|MoveInnate|MoveInnate","2","2","","7902e6bd6fe8b444eab36cf00a8771be"
"SpikedSlime","No","Frontline","Spiked Slime","16","1","Warrior","Closest","","5","SpikeBurst|SpikeBurst|SpikeBurst|MoveInnate|MoveInnate","2","2","","a759c0567adbde54f8e686c473b037cd"
"VampireBat","No","Backline","Vampire Bat","9","2","Warrior","Weakest","","5","LifeLeech|LifeLeech|LifeLeech|MoveInnate|MoveInnate","2","2","","e2566430033deb14c9d648e67fdf80e4"
