"Key","Card Name","Class","Cost","Rarity","Source","Enemy Tiles","Ally Tiles","Damage","Heal","Shield","Block Total","Parry","Poison Total","Strength","Weaken","Draw","Move","Combo","Summons","Control","Quantifiable","Power","Power/Energy","Expected","Delta","Flag","Issues","Pw Common","Pw Uncommon","Pw Rare","Pw Legendary","Eff Knight","Eff Mage","Eff Rogue","Exp Plot","Pw Idea","Eff Cleric"
"Block","Block","Knight+Rogue","1","Uncommon","Knight","1","1","0","0","0","15","0","0","0","0","0","0","0","","","Yes",,,,,,"",,,,,,,,,,
"Parry","Parry","Knight","1","Uncommon","Knight","1","1","0","0","0","0","1","0","0","0","0","0","0","","","Yes",,,,,,"",,,,,,,,,,
"Shield","Shield","Knight","1","Common","Knight","1","1","0","0","7","0","0","0","0","0","0","0","0","","","Yes",,,,,,"",,,,,,,,,,
"Steely Resolve","Steely Resolve","Knight","1","Uncommon","Knight","1","1","0","0","5","0","0","0","0","0","1","0","0","","","Yes",,,,,,"",,,,,,,,,,
"Taunt","Taunt","Knight","1","Uncommon","Knight","1","1","0","0","0","0","0","0","0","0","0","0","0","","Taunt","No",,,,,,"",,,,,,,,,,
"Guardian's Aegis","Guardian's Aegis","Knight","2","Uncommon","Knight","1","13","0","0","5","0","0","0","0","0","0","0","0","","","Yes",,,,,,"",,,,,,,,,,
"Strengthen","Strengthen","Knight","1","Uncommon","Knight","1","1","0","0","0","0","0","0","3","0","0","0","0","","","Yes",,,,,,"",,,,,,,,,,
"Buff","Buff","Knight","2","Uncommon","Knight","1","1","0","0","0","0","0","0","0","0","0","0","1","","","Yes",,,,,,"",,,,,,,,,,
"Second Wind","Second Wind","Knight","1","Uncommon","Knight","1","1","0","5","0","0","0","0","0","0","0","0","0","","","Yes",,,,,,"",,,,,,,,,,
"Attack and Block","Attack and Block","Knight","1","Uncommon","Knight","1","1","5","0","5","0","0","0","0","0","0","0","0","","","Yes",,,,,,"",,,,,,,,,,
"Cleave","Cleave","Knight","1","Uncommon","Knight","3","1","5","0","0","0","0","0","0","0","0","0","0","","","Yes",,,,,,"",,,,,,,,,,
"Slash","Slash","Knight","1","Common","Knight","1","1","9","0","0","0","0","0","0","0","0","0","0","","","Yes",,,,,,"",,,,,,,,,,
"Slash+","Slash+","Knight","1","NotOffered","Knight","1","1","9","0","0","0","0","0","0","0","0","0","0","","","Yes",,,,,,"",,,,,,,,,,
"Sunder","Sunder","Knight","1","Uncommon","Knight","1","1","5","0","0","0","0","0","0","0","0","0","0","","Vulnerable","Yes",,,,,,"",,,,,,,,,,
"Whirlwind","Whirlwind","Knight","1","Rare","Knight","9","1","4","0","0","0","0","0","0","0","0","0","0","","","Yes",,,,,,"",,,,,,,,,,
"Bloodmoon Totem","Bloodmoon Totem","Knight","1","Rare","Knight","1","1","0","0","0","0","0","0","6","0","0","0","0","BloodmoonTotem [Chebyshev 0-2]: Strength 2 aura","","Partial",,,,,,"",,,,,,,,,,
"Anvil Totem","Anvil Totem","Knight","2","Uncommon","Knight","1","1","0","0","0","0","0","0","0","0","0","0","0","AnvilTotem [Chebyshev 0-2]: TurnTick 1 aura","TurnTick aura","No",,,,,,"",,,,,,,,,,
"Fury Totem","Fury Totem","Knight","2","Uncommon","Knight","1","1","0","0","0","0","0","0","3","0","0","0","0","FuryTotem [Chebyshev 0-2]: Strength 1 aura","","Partial",,,,,,"",,,,,,,,,,
"Momentum Totem","Momentum Totem","Knight","2","Uncommon","Knight","1","1","0","0","0","0","0","0","0","0","0","0","0","MomentumTotem [Chebyshev 0-2]: Strength 1 on trigger","Status:Strength","No",,,,,,"",,,,,,,,,,
"Rally Totem","Rally Totem","Knight","2","Uncommon","Knight","1","1","0","0","0","0","0","0","0","0","0","0","0","RallyTotem [Chebyshev 0-2]: TurnTick 1 aura","TurnTick aura","No",,,,,,"",,,,,,,,,,
"Thornwood Totem","Thornwood Totem","Knight","2","Uncommon","Knight","1","1","9","0","0","0","0","0","0","0","0","0","0","ThornwoodTotem [Chebyshev 0-2]: Damage 3 on trigger","","Partial",,,,,,"",,,,,,,,,,
"Whetstone Totem","Whetstone Totem","Knight","2","Uncommon","Knight","1","1","0","0","0","0","0","0","0","0","0","0","0","WhetstoneTotem [Chebyshev 0-2]: Unknown(22) 1 aura","Unknown(22) aura","No",,,,,,"",,,,,,,,,,
"Lodestone Totem","Lodestone Totem","Knight","3","Rare","Knight","1","1","0","0","0","0","0","0","0","0","0","0","0","LodestoneTotem [Chebyshev 0-2]: Taunt 1 aura, Rooted 1 aura","Taunt aura, Rooted aura","No",,,,,,"",,,,,,,,,,
"Shield Totem","Shield Totem","Knight","3","Rare","Knight","1","1","0","0","9","0","0","0","0","0","0","0","0","Totem [Chebyshev 0-2]: Shield 3 on trigger","","Partial",,,,,,"",,,,,,,,,,
"Twin Totem","Twin Totem","Knight","3","Rare","Knight","1","1","0","0","0","0","0","0","0","0","0","0","0","TwinTotem [Chebyshev 0-1]: DoubleNextAttack 1 aura","DoubleNextAttack aura","No",,,,,,"",,,,,,,,,,
"Adrenaline","Adrenaline","Knight","0","Rare","Knight","1","1","0","0","0","0","0","0","0","0","0","0","0","","","No",,,,,,"",,,,,,,,,,
"Bloodied Resolve","Bloodied Resolve","Knight","0","Rare","Knight","1","1","0","0","0","0","0","0","0","0","1","0","0","","","Partial",,,,,,"",,,,,,,,,,
"Dull Blade","Dull Blade","Mage","1","Common","Mage","1","1","0","0","0","0","0","0","0","1","0","0","0","","","Yes",,,,,,"",,,,,,,,,,
"Entangle","Entangle","Mage","1","Uncommon","Mage","1","1","0","0","0","0","0","0","0","0","0","0","0","","Rooted","No",,,,,,"",,,,,,,,,,
"Freeze","Freeze","Mage","1","Rare","Mage","1","1","0","0","0","0","0","0","0","0","0","0","0","","Frozen","No",,,,,,"",,,,,,,,,,
"Rust Armor","Rust Armor","Mage","1","Common","Mage","1","1","0","0","0","0","0","0","0","0","0","0","0","","Vulnerable","No",,,,,,"",,,,,,,,,,
"Teleport","Teleport","Mage","1","Common","Mage","1","1","0","0","0","0","0","0","0","0","0","1","0","","","Yes",,,,,,"",,,,,,,,,,
"Fireball","Fireball","Mage","1","Rare","Mage","9","1","5","0","0","0","0","0","0","0","0","0","0","","","Yes",,,,,,"",,,,,,,,,,
"Firebolt","Firebolt","Mage","1","Common","Mage","1","1","5","0","0","0","0","0","0","0","0","0","0","","","Yes",,,,,,"",,,,,,,,,,
"Flame Cone","Flame Cone","Mage","1","Rare","Mage","5","1","4","0","0","0","0","0","0","0","0","0","0","","","Yes",,,,,,"",,,,,,,,,,
"Ice Shard","Ice Shard","Mage","1","Rare","Mage","1","1","5","0","0","0","0","0","0","0","0","0","0","","Frozen","Partial",,,,,,"",,,,,,,,,,
"X-Burner","X-Burner","Mage","1","Rare","Mage","8","1","5","0","0","0","0","0","0","0","0","0","0","","","Yes",,,,,,"",,,,,,,,,,
"Chaos Totem","Chaos Totem","Mage","1","Rare","Mage","1","1","0","0","0","0","0","0","0","0","0","0","0","ChaosTotem [Chebyshev 0-2]: Vulnerable 2 aura","Vulnerable aura","No",,,,,,"",,,,,,,,,,
"Binding Totem","Binding Totem","Mage","2","Uncommon","Mage","1","1","0","0","0","0","0","0","0","0","0","0","0","BindingTotem [Chebyshev 0-2]: GainMultiplier 1 aura","GainMultiplier aura","No",,,,,,"",,,,,,,,,,
"Conduit Totem","Conduit Totem","Mage","2","Uncommon","Mage","1","1","0","0","0","0","0","0","0","0","3","0","0","ConduitTotem [Chebyshev 0-2]: Draw 1 on trigger","","Partial",,,,,,"",,,,,,,,,,
"Enfeeble Totem","Enfeeble Totem","Mage","2","Uncommon","Mage","1","1","0","0","0","0","0","0","0","0","0","0","0","EnfeebleTotem [Chebyshev 0-2]: Potency 1 aura","Potency aura","No",,,,,,"",,,,,,,,,,
"Fracture Totem","Fracture Totem","Mage","2","Uncommon","Mage","1","1","0","0","0","0","0","0","0","0","0","0","0","FractureTotem [Chebyshev 0-2]: Vulnerable 2 aura","Vulnerable aura","No",,,,,,"",,,,,,,,,,
"Ruin Totem","Ruin Totem","Mage","2","Uncommon","Mage","1","1","0","0","0","0","0","0","0","0","0","0","0","RuinTotem [Chebyshev 0-2]: Potency 1 aura","Potency aura","No",,,,,,"",,,,,,,,,,
"Sap Totem","Sap Totem","Mage","2","Uncommon","Mage","1","1","0","0","0","0","0","0","0","6","0","0","0","SapTotem [Chebyshev 0-2]: Weaken 2 aura","","Partial",,,,,,"",,,,,,,,,,
"Scholar Totem","Scholar Totem","Mage","2","Uncommon","Mage","1","1","0","0","0","0","0","0","0","0","0","0","0","ScholarTotem [Chebyshev 0-2]: Energy 1 on trigger","EnergyEffect","No",,,,,,"",,,,,,,,,,
"Shackle Totem","Shackle Totem","Mage","2","Uncommon","Mage","1","1","0","0","0","0","0","0","0","0","0","0","0","ShackleTotem [Chebyshev 0-2]: TurnTick 1 aura","TurnTick aura","No",,,,,,"",,,,,,,,,,
"SummonDrawTotem","Draw Totem","Mage","2","Uncommon","Mage","1","1","0","0","0","0","0","0","0","0","0","0","0","","","No",,,,,,"no effects",,,,,,,,,,
"WallOfFlames","Wall of Flames","Mage","2","Rare","Mage","3","1","8","0","0","0","0","0","0","0","0","0","0","","","Yes",,,,,,"",,,,,,,,,,
"WallOfForce","Wall of Force","Mage","2","Rare","Mage","3","3","0","0","0","0","0","0","0","0","0","0","0","","WallOfForce","No",,,,,,"",,,,,,,,,,
"Curse Totem","Curse Totem","Mage","3","Rare","Mage","1","1","0","0","0","0","0","0","0","0","0","0","0","CurseTotem [Chebyshev 0-2]: GainMultiplier 1 aura","GainMultiplier aura","No",,,,,,"",,,,,,,,,,
"Hex Totem","Hex Totem","Mage","3","Rare","Mage","1","1","0","0","0","0","0","0","0","0","0","0","0","HexTotem [Chebyshev 0-2]: GainMultiplier 1 aura","GainMultiplier aura","No",,,,,,"",,,,,,,,,,
"Foresight","Foresight","Mage","0","Uncommon","Mage","1","1","0","0","0","0","0","0","0","0","1","0","0","","","Partial",,,,,,"",,,,,,,,,,
"Dodge","Dodge","Rogue","1","Uncommon","Rogue","1","1","0","0","0","0","0","0","0","0","0","0","0","","Dodge","No",,,,,,"",,,,,,,,,,
"Evasion","Evasion","Rogue","1","Uncommon","Rogue","1","1","0","0","0","10","0","0","0","0","0","0","0","","","Yes",,,,,,"",,,,,,,,,,
"Stealth","Stealth","Rogue","1","Rare","Rogue","1","1","0","0","0","0","0","0","0","0","0","0","0","","Stealth","No",,,,,,"",,,,,,,,,,
"Poison Blade","Poison Blade","Rogue","1","Uncommon","Rogue","1","1","0","0","0","0","0","0","0","0","0","0","0","","PoisonBlade","No",,,,,,"",,,,,,,,,,
"Panache","Panache","Rogue","1","Uncommon","Rogue","1","1","0","0","0","0","0","0","0","2","0","0","0","","","Yes",,,,,,"",,,,,,,,,,
"Quick Attack","Quick Attack","Rogue","0","Uncommon","Rogue","1","1","3","0","0","0","0","0","0","0","0","0","0","","","Yes",,,,,,"",,,,,,,,,,
"Poison Dagger","Poison Dagger","Any","1","Uncommon","Rogue","1","1","4","0","0","0","0","6","0","0","0","0","0","","","Yes",,,,,,"class 'Any' does not match Rogue/ folder",,,,,,,,,,
"Shambles","Shambles","Rogue","1","Rare","Rogue","1","1","0","0","0","0","0","0","0","0","0","0","0","","Swap","No",,,,,,"",,,,,,,,,,
"Poison Dart","Poison Dart","Rogue","1","Common","Rogue","1","1","0","0","0","0","0","10","0","0","0","0","0","","","Yes",,,,,,"",,,,,,,,,,
"Decoy Totem","Decoy Totem","Rogue","1","Uncommon","Rogue","1","1","0","0","0","0","0","0","0","0","0","0","0","DecoyTotem [Chebyshev 0-3]: Taunt 1 aura","Taunt aura","No",,,,,,"",,,,,,,,,,
"Contagion Totem","Contagion Totem","Rogue","2","Uncommon","Rogue","1","1","0","0","0","0","0","0","0","0","0","0","0","ContagionTotem [Chebyshev 0-2]: GainMultiplier 1 aura","GainMultiplier aura","No",,,,,,"",,,,,,,,,,
"Fortune Totem","Fortune Totem","Rogue","2","Uncommon","Rogue","1","1","0","0","0","0","0","0","0","0","0","0","0","FortuneTotem [Chebyshev 0-2]: GainMultiplier 1 aura","GainMultiplier aura","No",,,,,,"",,,,,,,,,,
"Ghoststep Totem","Ghoststep Totem","Rogue","2","Uncommon","Rogue","1","1","0","0","0","0","0","0","0","0","0","0","0","GhoststepTotem [Chebyshev 0-2]: TurnTick 1 aura","TurnTick aura","No",,,,,,"",,,,,,,,,,
"Leech Totem","Leech Totem","Rogue","2","Uncommon","Rogue","1","1","0","0","0","0","0","0","0","0","0","0","0","LeechTotem [Chebyshev 0-2]: Lifesteal 1 aura","Lifesteal aura","No",,,,,,"",,,,,,,,,,
"Spike Totem","Spike Totem","Rogue","2","Uncommon","Rogue","1","1","6","0","0","0","0","0","0","0","0","0","0","SpikeTotem [Chebyshev 0-2]: Damage 2 on trigger","","Partial",,,,,,"",,,,,,,,,,
"Venom Totem","Venom Totem","Rogue","2","Rare","Rogue","1","1","0","0","0","0","0","0","0","0","0","0","0","VenomTotem [Chebyshev 0-2]: TurnTick 1 aura","TurnTick aura","No",,,,,,"",,,,,,,,,,
"Venomblade Totem","Venomblade Totem","Rogue","2","Uncommon","Rogue","1","1","0","0","0","0","0","0","0","0","0","0","0","VenombladeTotem [Chebyshev 0-2]: PoisonBlade 1 aura","PoisonBlade aura","No",,,,,,"",,,,,,,,,,
"Rot Totem","Rot Totem","Rogue","3","Rare","Rogue","1","1","0","0","0","0","0","0","0","0","0","0","0","RotTotem [Chebyshev 0-2]: TurnTick 1 aura","TurnTick aura","No",,,,,,"",,,,,,,,,,
"Veil Totem","Veil Totem","Rogue","3","Uncommon","Rogue","1","1","0","0","0","0","0","0","0","0","0","0","0","VeilTotem [Chebyshev 0-2]: Stealth 1 aura","Stealth aura","No",,,,,,"",,,,,,,,,,
"Blade Ward","Blade Ward","Cleric","1","Uncommon","Cleric","1","1","0","0","0","10","0","0","0","0","0","0","0","","","Yes",,,,,,"",,,,,,,,,,
"Vengeful Vigor","Vengeful Vigor","Cleric","1","Uncommon","Cleric","1","1","0","0","0","0","0","0","0","0","0","0","0","","Lifesteal","No",,,,,,"",,,,,,,,,,
"Purge","Purge","Cleric","1","Common","Cleric","1","1","0","0","0","0","0","0","0","0","0","0","0","","","No",,,,,,"",,,,,,,,,,
"Cleansing Light","Cleansing Light","Cleric","1","Common","Cleric","1","1","0","0","0","0","0","0","0","0","0","0","0","","","No",,,,,,"",,,,,,,,,,
"Cure Wounds","Touch Heal","Cleric","1","Common","Cleric","1","1","0","10","0","0","0","0","0","0","0","0","0","","","Yes",,,,,,"",,,,,,,,,,
"Heal Word","Heal Word","Cleric","1","Common","Cleric","1","1","0","5","0","0","0","0","0","0","0","0","0","","","Yes",,,,,,"",,,,,,,,,,
"Renew","Renew","Cleric","1","Common","Cleric","1","1","0","3","0","0","0","0","0","0","1","0","0","","","Yes",,,,,,"",,,,,,,,,,
"Smite","Smite","Cleric","1","Common","Cleric","1","1","4","3","0","0","0","0","0","0","0","0","0","","","Yes",,,,,,"",,,,,,,,,,
"Mend and Fortify","Mend and Fortify","Cleric","2","Uncommon","Cleric","1","1","0","5","0","0","0","0","3","0","0","0","0","","","Yes",,,,,,"",,,,,,,,,,
"Mend and Guard","Mend and Guard","Cleric","2","Uncommon","Cleric","1","1","0","5","0","10","0","0","0","0","0","0","0","","","Yes",,,,,,"",,,,,,,,,,
"Renewing Touch","Renewing Touch","Cleric","2","Uncommon","Cleric","1","1","0","0","0","0","0","0","0","0","0","0","0","","Regeneration","No",,,,,,"",,,,,,,,,,
"Beacon Totem","Beacon Totem","Cleric","1","Uncommon","Cleric","1","1","0","0","0","0","0","0","0","0","0","0","0","BeaconTotem [Chebyshev 0-2]: Taunt 1 aura","Taunt aura","No",,,,,,"",,,,,,,,,,
"Bastion Totem","Bastion Totem","Cleric","2","Uncommon","Cleric","1","1","0","0","0","0","0","0","0","0","0","0","0","BastionTotem [Chebyshev 0-2]: TurnTick 1 aura","TurnTick aura","No",,,,,,"",,,,,,,,,,
"Bloodpact Totem","Bloodpact Totem","Cleric","2","Uncommon","Cleric","1","1","0","9","0","0","0","0","0","0","0","0","0","BloodpactTotem [Chebyshev 0-2]: Heal 3 on trigger","","Partial",,,,,,"",,,,,,,,,,
"Bloom Totem","Bloom Totem","Cleric","2","Uncommon","Cleric","1","1","0","0","0","0","0","0","0","0","0","0","0","BloomTotem [Chebyshev 0-2]: GainMultiplier 1 aura","GainMultiplier aura","No",,,,,,"",,,,,,,,,,
"Bulwark Totem","Bulwark Totem","Cleric","2","Uncommon","Cleric","1","1","0","0","0","0","0","0","0","0","0","0","0","BulwarkTotem [Chebyshev 0-2]: GainMultiplier 1 aura","GainMultiplier aura","No",,,,,,"",,,,,,,,,,
"Echo Totem","Echo Totem","Cleric","2","Uncommon","Cleric","1","1","0","0","15","0","0","0","0","0","0","0","0","EchoTotem [Chebyshev 0-2]: Shield 5 on trigger","","Partial",,,,,,"",,,,,,,,,,
"Heal Totem","Heal Totem","Cleric","2","Uncommon","Cleric","1","1","0","0","0","0","0","0","0","0","0","0","0","HealTotem [Chebyshev 0-2]: Regeneration 5 aura","Regeneration aura","No",,,,,,"",,,,,,,,,,
"Rampart Totem","Rampart Totem","Cleric","2","Uncommon","Cleric","1","1","0","0","0","0","0","0","0","0","0","0","0","RampartTotem [Chebyshev 0-2]: Unknown(23) 1 aura","Unknown(23) aura","No",,,,,,"",,,,,,,,,,
"Sanctuary Totem","Sanctuary Totem","Cleric","2","Uncommon","Cleric","1","1","0","0","0","0","0","0","0","0","3","0","0","SanctuaryTotem [Chebyshev 0-2]: Draw 1 on trigger","","Partial",,,,,,"",,,,,,,,,,
"Tower Totem","Tower Totem","Cleric","2","Uncommon","Cleric","1","1","0","0","0","0","0","0","0","0","0","0","0","TowerTotem [Chebyshev 0-2]: Unknown(24) 1 aura","Unknown(24) aura","No",,,,,,"",,,,,,,,,,
"Warlord Totem","Warlord Totem","Cleric","2","Uncommon","Cleric","1","1","0","0","0","0","0","0","0","0","0","0","0","WarlordTotem [Chebyshev 0-2]: Potency 1 aura","Potency aura","No",,,,,,"",,,,,,,,,,
"Wellhead Totem","Wellhead Totem","Cleric","2","Uncommon","Cleric","1","1","0","0","0","0","0","0","0","0","0","0","0","WellheadTotem [Chebyshev 0-2]: GainMultiplier 1 aura","GainMultiplier aura","No",,,,,,"",,,,,,,,,,
"Wellspring Totem","Wellspring Totem","Cleric","2","Uncommon","Cleric","1","1","0","0","0","0","0","0","0","0","0","0","0","WellspringTotem [Chebyshev 0-2]: TurnTick 1 aura","TurnTick aura","No",,,,,,"",,,,,,,,,,
"Aegis Totem","Aegis Totem","Cleric","3","Rare","Cleric","1","1","0","0","0","0","0","0","0","0","0","0","0","AegisTotem [Chebyshev 0-2]: Potency 1 aura","Potency aura","No",,,,,,"",,,,,,,,,,
"Reinforce Totem","Reinforce Totem","Cleric","3","Rare","Cleric","1","1","0","0","0","0","0","0","0","0","0","0","0","ReinforceTotem [Chebyshev 0-1]: DoubleShield 1 aura","DoubleShield aura","No",,,,,,"",,,,,,,,,,
"Sentinel Totem","Sentinel Totem","Cleric","3","Uncommon","Cleric","1","1","0","0","0","0","0","0","0","0","0","0","0","SentinelTotem [Chebyshev 0-2]: Taunt 1 aura","Taunt aura","No",,,,,,"",,,,,,,,,,
"SummonSkeleton","Summon Skeleton","Cleric","3","Rare","Cleric","1","1","0","0","0","0","0","0","0","0","0","0","0","Summon","Summon","No",,,,,,"",,,,,,,,,,
"Warcry Totem","Warcry Totem","Cleric","3","Rare","Cleric","1","1","0","0","0","0","0","0","0","0","0","0","0","WarcryTotem [Chebyshev 0-2]: GainMultiplier 1 aura","GainMultiplier aura","No",,,,,,"",,,,,,,,,,
"SummonSkeletonWarrior","Summon Skeleton Warrior","Any","0","NotOffered","Neutral","1","1","0","0","0","0","0","0","0","0","0","0","0","Summon","Summon","No",,,,,,"",,,,,,,,,,
"EnemyArrow","EnemyArrow","Any","1","NotOffered","Neutral","1","1","5","0","0","0","0","0","0","0","0","0","0","","Vulnerable","Yes",,,,,,"",,,,,,,,,,
"EnemySlash","","Any","1","NotOffered","Neutral","1","1","8","0","0","0","0","0","0","0","0","0","0","","","Yes",,,,,,"blank card name",,,,,,,,,,
"Move","Move 1","Any","1","Common","Neutral","1","1","0","0","0","0","0","0","0","0","0","1","0","","","Yes",,,,,,"",,,,,,,,,,
"MoveInnate","Move 1","Any","1","NotOffered","Neutral","1","1","0","0","0","0","0","0","0","0","0","1","0","","","Yes",,,,,,"",,,,,,,,,,
"MoveInnate2","Move 2","Any","1","NotOffered","Neutral","1","1","0","0","0","0","0","0","0","0","0","1","0","","","Yes",,,,,,"",,,,,,,,,,
"TeleportInnate","Teleport","Any","1","NotOffered","Neutral","1","1","0","0","0","0","0","0","0","0","0","1","0","","","Yes",,,,,,"",,,,,,,,,,
"Bite","Bite","Any","1","NotOffered","Neutral","1","1","5","0","0","0","0","0","0","0","0","0","0","","","Yes",,,,,,"",,,,,,,,,,
"CallTheDamned","Call the Damned","Any","0","NotOffered","Neutral","1","1","0","0","0","0","0","0","0","0","0","0","0","Summon","Summon","No",,,,,,"",,,,,,,,,,
"BlackGuard","Black Guard","Any","1","NotOffered","Neutral","1","1","5","0","0","0","0","0","0","0","0","0","0","","","Yes",,,,,,"",,,,,,,,,,
"DreadCleave","Dread Cleave","Any","1","NotOffered","Neutral","9","1","8","0","0","0","0","0","0","0","0","0","0","","","Yes",,,,,,"",,,,,,,,,,
"ClawAttack","Claw Attack","Any","1","NotOffered","Neutral","1","1","4","0","4","0","0","0","0","0","0","0","0","","","Yes",,,,,,"",,,,,,,,,,
"RoyalCommand","Royal Command","Any","0","NotOffered","Neutral","1","1","0","0","0","0","0","0","0","0","0","0","0","Summon","Summon","No",,,,,,"",,,,,,,,,,
"ExecutionersBlow","Executioner's Blow","Any","1","NotOffered","Neutral","1","1","4","0","0","0","0","0","0","0","0","0","0","","","Yes",,,,,,"",,,,,,,,,,
"RoyalGuard","Royal Guard","Any","1","NotOffered","Neutral","9","1","3","0","0","0","0","0","0","0","0","0","0","","","Yes",,,,,,"",,,,,,,,,,
"Rally","Rally","Any","0","NotOffered","Neutral","1","3","0","0","0","0","0","0","0","0","0","0","0","Summon","Summon","No",,,,,,"",,,,,,,,,,
"Riposte","Riposte","Any","1","NotOffered","Neutral","1","1","6","0","0","0","1","0","0","0","0","0","0","","","Yes",,,,,,"",,,,,,,,,,
"ShieldBash","Shield Bash","Any","1","NotOffered","Neutral","1","1","4","0","10","10","0","0","0","0","0","0","0","","","Yes",,,,,,"",,,,,,,,,,
"SummonImp","Summon Imp","Any","0","NotOffered","Neutral","1","1","0","0","0","0","0","0","0","0","0","0","0","Summon","Summon","No",,,,,,"",,,,,,,,,,
"DarkBolt","Dark Bolt","Any","1","NotOffered","Neutral","9","1","5","0","0","0","0","0","0","0","0","0","0","","","Yes",,,,,,"",,,,,,,,,,
"ShadowWard","Shadow Ward","Any","1","NotOffered","Neutral","1","1","3","0","7","0","0","0","0","0","0","0","0","","","Yes",,,,,,"",,,,,,,,,,
"CallTheSwarm","Call the Swarm","Any","0","NotOffered","Neutral","1","1","0","0","0","0","0","0","0","0","0","0","0","Summon","Summon","No",,,,,,"",,,,,,,,,,
"ArcaneLance","Arcane Lance","Any","1","NotOffered","Neutral","1","1","6","0","0","0","0","0","0","0","0","0","0","","","Yes",,,,,,"",,,,,,,,,,
"VoidBarrier","Void Barrier","Any","1","NotOffered","Neutral","1","1","3","0","0","0","0","0","0","1","0","0","0","","Vulnerable","Yes",,,,,,"",,,,,,,,,,
"ConjureOoze","Conjure Ooze","Any","0","NotOffered","Neutral","1","1","0","0","0","0","0","0","0","0","0","0","0","Summon","Summon","No",,,,,,"",,,,,,,,,,
"EmberShroud","Ember Shroud","Any","1","NotOffered","Neutral","1","1","4","0","7","0","0","0","0","0","0","0","0","","","Yes",,,,,,"",,,,,,,,,,
"MeteorFall","Meteor Fall","Any","1","NotOffered","Neutral","1","1","12","0","0","0","0","0","0","0","0","0","0","","","Yes",,,,,,"",,,,,,,,,,
"WitheringGaze","Withering Gaze","Any","1","NotOffered","Neutral","1","1","3","0","0","0","0","0","0","0","0","0","0","","","Yes",,,,,,"",,,,,,,,,,
"Backstab","Backstab","Any","1","NotOffered","Neutral","1","1","5","0","0","0","0","0","0","0","0","0","0","","","Yes",,,,,,"",,,,,,,,,,
"BoulderSmash","Boulder Smash","Any","1","NotOffered","Neutral","1","1","5","0","0","0","0","0","0","0","0","0","0","","","Yes",,,,,,"",,,,,,,,,,
"SummonPebble","Summon Pebble","Any","1","NotOffered","Neutral","1","1","0","0","0","0","0","0","0","0","0","0","0","Summon","Summon","No",,,,,,"",,,,,,,,,,
"HeavySwing","Heavy Swing","Any","1","NotOffered","Neutral","1","1","6","0","5","10","0","0","0","0","0","0","0","","","Yes",,,,,,"",,,,,,,,,,
"QuickCut","Quick Cut","Any","1","NotOffered","Neutral","9","1","1","0","0","0","0","0","0","1","0","0","0","","","Yes",,,,,,"",,,,,,,,,,
"VenomCut","Venom Cut","Any","1","NotOffered","Neutral","9","1","1","0","0","0","0","6","0","0","0","0","0","","","Yes",,,,,,"",,,,,,,,,,
"Chomp","Chomp","Any","1","NotOffered","Neutral","1","1","7","0","0","0","0","0","0","0","0","0","0","","Rooted","Partial",,,,,,"",,,,,,,,,,
"SporeCloud","Spore Cloud","Any","1","NotOffered","Neutral","9","1","0","0","0","0","0","6","0","0","0","0","0","","","Yes",,,,,,"",,,,,,,,,,
"Roll","Roll","Any","1","NotOffered","Neutral","1","1","2","0","0","0","0","0","0","0","0","0","0","","","Yes",,,,,,"",,,,,,,,,,
"PlagueBite","Plague Bite","Any","1","NotOffered","Neutral","1","1","2","0","0","0","0","6","0","0","0","0","0","","","Yes",,,,,,"",,,,,,,,,,
"Gnaw","Gnaw","Any","1","NotOffered","Neutral","1","1","4","0","0","0","0","0","0","0","0","0","0","","","Yes",,,,,,"",,,,,,,,,,
"RaiseDead","Raise Dead","Any","0","NotOffered","Neutral","1","1","0","0","0","0","0","0","0","0","0","0","0","Summon","Summon","No",,,,,,"",,,,,,,,,,
"DeathsToll","Death's Toll","Any","1","NotOffered","Neutral","9","1","4","0","0","0","0","0","0","0","0","0","0","","Vulnerable","Yes",,,,,,"",,,,,,,,,,
"GraveTithe","Grave Tithe","Any","1","NotOffered","Neutral","1","1","2","0","0","0","0","0","0","0","0","0","0","","Unknown(29)","Yes",,,,,,"",,,,,,,,,,
"SoulDrain","Soul Drain","Any","1","NotOffered","Neutral","1","1","2","0","0","0","0","0","0","0","0","0","0","","Unknown(30)","Yes",,,,,,"",,,,,,,,,,
"SoulReap","Soul Reap","Any","1","NotOffered","Neutral","1","1","2","0","0","0","0","0","0","1","0","0","0","","","Yes",,,,,,"",,,,,,,,,,
"SoulSwap","Soul Swap","Any","1","NotOffered","Neutral","1","1","0","0","0","0","0","0","0","0","0","0","0","","Swap","No",,,,,,"",,,,,,,,,,
"SplinterOff","Splinter Off","Any","0","NotOffered","Neutral","1","1","0","0","0","0","0","0","0","0","0","0","0","Summon","Summon","No",,,,,,"",,,,,,,,,,
"SeismicSlam","Seismic Slam","Any","1","NotOffered","Neutral","9","1","7","0","0","0","0","0","0","0","0","0","0","","","Yes",,,,,,"",,,,,,,,,,
"StoneSkin","Stone Skin","Any","1","NotOffered","Neutral","1","1","4","0","10","0","0","0","0","0","0","0","0","","","Yes",,,,,,"",,,,,,,,,,
"BoneBulwark","Bone Bulwark","Any","1","NotOffered","Neutral","1","1","3","0","5","0","0","0","0","0","0","0","0","","","Yes",,,,,,"",,,,,,,,,,
"BoneChill","Bone Chill","Any","1","NotOffered","Neutral","1","1","3","0","0","0","0","0","0","0","0","0","0","","Vulnerable","Yes",,,,,,"",,,,,,,,,,
"Engulf","Engulf","Any","1","NotOffered","Neutral","1","1","3","0","0","0","0","0","0","1","0","0","0","","","Yes",,,,,,"",,,,,,,,,,
"SpikeBurst","Spike Burst","Any","1","NotOffered","Neutral","9","1","3","0","0","0","0","0","0","1","0","0","0","","","Yes",,,,,,"",,,,,,,,,,
"LifeLeech","Life Leech","Any","1","NotOffered","Neutral","1","1","3","3","0","0","0","0","0","0","0","0","0","","","Yes",,,,,,"",,,,,,,,,,
"ShieldBash","Shield Bash","Knight","1","Common","Knight Ideas","1","1","5","0","0","5","0","0","0","0","0","0","0","","","Yes",,,,,,"",,,,,,,,,,
"Cleave","Cleave","Knight","1","Uncommon","Knight Ideas","9","1","4","0","0","0","0","0","0","0","0","0","0","","","Yes",,,,,,"",,,,,,,,,,
"IronWall","Iron Wall","Knight","2","Uncommon","Knight Ideas","1","1","0","0","7","10","0","0","0","0","0","0","0","","","Yes",,,,,,"",,,,,,,,,,
"Bulwark","Bulwark","Knight","1","Common","Knight Ideas","1","1","0","0","0","10","0","0","0","0","0","0","0","","","Yes",,,,,,"",,,,,,,,,,
"Riposte","Riposte","Knight","2","Rare","Knight Ideas","1","1","0","0","0","0","2","0","0","0","0","0","0","","","Yes",,,,,,"",,,,,,,,,,
"HeavySwing","Heavy Swing","Knight","2","Common","Knight Ideas","1","1","12","0","0","0","0","0","0","0","0","0","0","","","Yes",,,,,,"",,,,,,,,,,
"SecondWind","Second Wind","Knight","1","Uncommon","Knight Ideas","1","1","0","5","0","0","0","0","0","0","0","0","0","","","Yes",,,,,,"",,,,,,,,,,
"GuardStance","Guard Stance","Knight","0","Common","Knight Ideas","1","1","0","0","3","5","0","0","0","0","0","0","0","","","Yes",,,,,,"",,,,,,,,,,
"ShieldSlam","Shield Slam","Knight","2","Uncommon","Knight Ideas","1","1","5","0","5","0","0","0","0","0","0","0","0","","","Yes",,,,,,"",,,,,,,,,,
"LastStand","Last Stand","Knight","3","Rare","Knight Ideas","1","1","0","0","15","15","0","0","0","0","0","0","0","","","Yes",,,,,,"",,,,,,,,,,
"ShieldCharge","Shield Charge","Knight","2","Uncommon","Knight Ideas","9","1","5","0","0","0","0","0","0","0","0","1","0","","","Yes",,,,,,"",,,,,,,,,,
"BullRush","Bull Rush","Knight","1","Uncommon","Knight Ideas","1","1","3","0","0","0","0","0","0","0","0","0","0","","","Yes",,,,,,"",,,,,,,,,,
"ShieldWall","Shield Wall","Knight","2","Rare","Knight Ideas","1","5","0","0","0","10","0","0","0","0","0","0","0","","","Yes",,,,,,"",,,,,,,,,,
"HoldTheLine","Hold the Line","Knight","2","Uncommon","Knight Ideas","1","1","0","0","0","10","0","0","0","0","0","0","0","","Taunt","Partial",,,,,,"",,,,,,,,,,
"FortifyPosition","Fortify Position","Knight","1","Common","Knight Ideas","1","1","0","0","5","0","0","0","0","0","0","0","0","","Rooted","Partial",,,,,,"",,,,,,,,,,
"Vanguard","Vanguard","Knight","2","Rare","Knight Ideas","1","1","0","0","0","0","0","0","0","0","0","1","0","","","Yes",,,,,,"",,,,,,,,,,
"RallyingCry","Rallying Cry","Knight","2","Uncommon","Knight Ideas","1","13","0","0","0","0","0","0","2","0","0","0","0","","","Yes",,,,,,"",,,,,,,,,,
"Intimidate","Intimidate","Knight","1","Common","Knight Ideas","1","1","0","0","0","0","0","0","0","2","0","0","0","","","Yes",,,,,,"",,,,,,,,,,
"CrushingBlow","Crushing Blow","Knight","2","Uncommon","Knight Ideas","1","1","5","0","0","0","0","0","0","3","0","0","0","","","Yes",,,,,,"",,,,,,,,,,
"ArmorUp","Armor Up","Knight","1","Common","Knight Ideas","1","1","0","0","0","0","0","0","0","0","0","0","1","","","Yes",,,,,,"",,,,,,,,,,
"PerfectGuard","Perfect Guard","Knight","2","Rare","Knight Ideas","1","1","0","0","0","15","0","0","0","0","0","0","1","","","Yes",,,,,,"",,,,,,,,,,
"Punish","Punish","Knight","1","Uncommon","Knight Ideas","1","1","5","0","0","0","0","0","0","0","0","0","0","","Rooted","Partial",,,,,,"",,,,,,,,,,
"BattleFocus","Battle Focus","Knight","1","Uncommon","Knight Ideas","1","1","0","0","0","0","0","0","0","0","0","0","1","","","Yes",,,,,,"",,,,,,,,,,
"Warcry","Warcry","Knight","2","Rare","Knight Ideas","1","1","0","0","0","0","0","0","3","0","1","0","0","","","Yes",,,,,,"",,,,,,,,,,
"ShieldOfFaith","Shield of Faith","Knight","1","Common","Knight Ideas","1","1","0","0","5","0","0","0","0","0","0","0","0","","","Yes",,,,,,"",,,,,,,,,,
"Unbreakable","Unbreakable","Knight","3","Legendary","Knight Ideas","1","1","0","0","10","25","0","0","0","0","0","0","1","","","Yes",,,,,,"",,,,,,,,,,
"ExhaustingCharge","Exhausting Charge","Knight","1","Common","Knight Ideas","1","1","10","0","0","0","0","0","0","0","0","0","0","","","Yes",,,,,,"",,,,,,,,,,
"AvatarOfSteel","Avatar of Steel","Knight","3","Legendary","Knight Ideas","1","1","0","0","15","0","0","0","3","0","1","0","0","","","Yes",,,,,,"",,,,,,,,,,
"Earthshatter","Earthshatter","Knight","3","Rare","Knight Ideas","9","1","8","0","0","0","0","0","0","0","0","0","0","","","Yes",,,,,,"",,,,,,,,,,
"Whirlwind","Whirlwind","Knight","2","Rare","Knight Ideas","9","1","6","0","0","0","0","0","0","0","0","0","0","","","Yes",,,,,,"",,,,,,,,,,
"ImmovableObject","Immovable Object","Knight","3","Legendary","Knight Ideas","1","1","0","0","10","25","0","0","0","0","0","0","0","","Taunt","Partial",,,,,,"",,,,,,,,,,
"Executioner","Executioner","Knight","3","Rare","Knight Ideas","1","1","15","0","0","0","0","0","0","0","0","0","0","","","Yes",,,,,,"",,,,,,,,,,
"DivineIntervention","Divine Intervention","Knight","3","Legendary","Knight Ideas","1","13","0","10","10","0","0","0","0","0","0","0","0","","","Yes",,,,,,"",,,,,,,,,,
"SiegeBreaker","Siege Breaker","Knight","3","Rare","Knight Ideas","13","1","10","0","0","0","0","0","0","0","0","0","0","","","Yes",,,,,,"",,,,,,,,,,
"FinalBulwark","Final Bulwark","Knight","3","Legendary","Knight Ideas","1","1","0","0","0","25","1","0","0","0","0","0","0","","","Yes",,,,,,"",,,,,,,,,,
"Frostbolt","Frostbolt","Mage","1","Common","Mage Ideas","1","1","6","0","0","0","0","0","0","0","0","0","0","","","Yes",,,,,,"",,,,,,,,,,
"ArcaneMissile","Arcane Missile","Mage","0","Common","Mage Ideas","1","1","3","0","0","0","0","0","0","0","0","0","0","","","Yes",,,,,,"",,,,,,,,,,
"Scorch","Scorch","Mage","1","Common","Mage Ideas","1","1","5","0","0","0","0","0","0","0","0","0","0","","","Yes",,,,,,"",,,,,,,,,,
"ChainLightning","Chain Lightning","Mage","2","Rare","Mage Ideas","13","1","4","0","0","0","0","0","0","0","0","0","0","","","Yes",,,,,,"",,,,,,,,,,
"Meteor","Meteor","Mage","3","Rare","Mage Ideas","9","1","12","0","0","0","0","0","0","0","0","0","0","","","Yes",,,,,,"",,,,,,,,,,
"ManaShield","Mana Shield","Mage","1","Uncommon","Mage Ideas","1","1","0","0","7","0","0","0","0","0","0","0","0","","","Yes",,,,,,"",,,,,,,,,,
"GreaterHeal","Greater Heal","Mage","2","Uncommon","Mage Ideas","1","1","0","15","0","0","0","0","0","0","0","0","0","","","Yes",,,,,,"",,,,,,,,,,
"Blizzard","Blizzard","Mage","3","Rare","Mage Ideas","25","1","6","0","0","0","0","0","0","0","0","0","0","","","Yes",,,,,,"",,,,,,,,,,
"PrismaticWard","Prismatic Ward","Mage","2","Rare","Mage Ideas","1","1","0","0","5","10","1","0","0","0","0","0","0","","","Yes",,,,,,"",,,,,,,,,,
"Blink","Blink","Mage","0","Uncommon","Mage Ideas","1","1","0","0","0","0","0","0","0","0","0","1","0","","","Yes",,,,,,"",,,,,,,,,,
"Grease","Grease","Mage","1","Common","Mage Ideas","5","1","0","0","0","0","0","0","0","0","0","0","0","","Rooted","No",,,,,,"",,,,,,,,,,
"Web","Web","Mage","1","Uncommon","Mage Ideas","5","1","0","0","0","0","0","0","0","2","0","0","0","","Rooted","Partial",,,,,,"",,,,,,,,,,
"Thunderwave","Thunderwave","Mage","2","Uncommon","Mage Ideas","5","1","5","0","0","0","0","0","0","0","0","0","0","","","Yes",,,,,,"",,,,,,,,,,
"MistyStep","Misty Step","Mage","1","Common","Mage Ideas","1","1","0","0","0","0","0","0","0","0","0","1","0","","Dodge","Partial",,,,,,"",,,,,,,,,,
"Curse","Curse","Mage","1","Common","Mage Ideas","1","1","0","0","0","0","0","0","0","3","0","0","0","","","Yes",,,,,,"",,,,,,,,,,
"Hex","Hex","Mage","2","Uncommon","Mage Ideas","1","1","0","0","0","0","0","6","0","3","0","0","0","","","Yes",,,,,,"",,,,,,,,,,
"Slow","Slow","Mage","1","Uncommon","Mage Ideas","1","1","0","0","0","0","0","0","0","2","0","0","0","","Rooted","Partial",,,,,,"",,,,,,,,,,
"DeepFreeze","Deep Freeze","Mage","2","Rare","Mage Ideas","1","1","5","0","0","0","0","0","0","0","0","0","0","","Frozen","Partial",,,,,,"",,,,,,,,,,
"Haste","Haste","Mage","2","Rare","Mage Ideas","1","1","0","0","0","0","0","0","0","0","1","0","1","","","Yes",,,,,,"",,,,,,,,,,
"Bless","Bless","Mage","1","Uncommon","Mage Ideas","1","1","0","0","0","0","0","0","2","0","0","0","0","","","Yes",,,,,,"",,,,,,,,,,
"MassCurse","Mass Curse","Mage","3","Rare","Mage Ideas","13","1","0","0","0","0","0","0","0","3","0","0","0","","","Yes",,,,,,"",,,,,,,,,,
"MirrorImage","Mirror Image","Mage","2","Rare","Mage Ideas","1","1","0","0","0","0","0","0","0","0","0","0","0","","Dodge","No",,,,,,"",,,,,,,,,,
"Stoneskin","Stoneskin","Mage","2","Uncommon","Mage Ideas","1","1","0","0","0","15","0","0","0","0","0","0","0","","","Yes",,,,,,"",,,,,,,,,,
"Contagion","Contagion","Mage","3","Rare","Mage Ideas","13","1","0","0","0","0","0","10","0","0","0","0","0","","","Yes",,,,,,"",,,,,,,,,,
"ArcaneIntellect","Arcane Intellect","Mage","1","Uncommon","Mage Ideas","1","1","0","0","0","0","0","0","0","0","2","0","0","","","Yes",,,,,,"",,,,,,,,,,
"Sunburst","Sunburst","Mage","3","Legendary","Mage Ideas","25","1","10","0","0","0","0","0","0","0","0","0","0","","","Yes",,,,,,"",,,,,,,,,,
"Cataclysm","Cataclysm","Mage","3","Legendary","Mage Ideas","1","1","20","0","0","0","0","0","0","0","0","0","0","","","Yes",,,,,,"",,,,,,,,,,
"MassHealingWord","Mass Healing Word","Mage","3","Rare","Mage Ideas","1","13","0","10","0","0","0","0","0","0","0","0","0","","","Yes",,,,,,"",,,,,,,,,,
"IceAge","Ice Age","Mage","3","Legendary","Mage Ideas","13","1","0","0","0","0","0","0","0","0","0","0","0","","Frozen","No",,,,,,"",,,,,,,,,,
"ArcaneTotem","Arcane Totem","Mage","2","Uncommon","Mage Ideas","1","1","0","0","9","0","0","0","0","0","0","0","0","Totem [Chebyshev 0-2]: Shield 3 on trigger","","Partial",,,,,,"",,,,,,,,,,
"ChainHeal","Chain Heal","Mage","2","Uncommon","Mage Ideas","1","13","0","5","0","0","0","0","0","0","0","0","0","","","Yes",,,,,,"",,,,,,,,,,
"Disintegrate","Disintegrate","Mage","3","Legendary","Mage Ideas","1","1","25","0","0","0","0","0","0","0","0","0","0","","","Yes",,,,,,"",,,,,,,,,,
"PrismaticSpray","Prismatic Spray","Mage","3","Rare","Mage Ideas","5","1","6","0","0","0","0","0","0","3","0","0","0","","","Yes",,,,,,"",,,,,,,,,,
"FontOfPower","Font of Power","Mage","3","Legendary","Mage Ideas","1","1","0","0","0","0","0","0","3","0","2","0","1","","","Yes",,,,,,"",,,,,,,,,,
"Backstab","Backstab","Rogue","1","Common","Rogue Ideas","1","1","7","0","0","0","0","0","0","0","0","0","0","","","Yes",,,,,,"",,,,,,,,,,
"TwinFangs","Twin Fangs","Rogue","1","Uncommon","Rogue Ideas","1","1","3","0","0","0","0","3","0","0","0","0","0","","","Yes",,,,,,"",,,,,,,,,,
"Eviscerate","Eviscerate","Rogue","2","Uncommon","Rogue Ideas","1","1","10","0","0","0","0","0","0","0","0","0","0","","","Yes",,,,,,"",,,,,,,,,,
"Feint","Feint","Rogue","0","Common","Rogue Ideas","1","1","0","0","0","0","0","0","0","0","0","0","0","","Dodge","No",,,,,,"",,,,,,,,,,
"Envenom","Envenom","Rogue","1","Common","Rogue Ideas","1","1","0","0","0","0","0","10","0","0","0","0","0","","","Yes",,,,,,"",,,,,,,,,,
"ShadowStrike","Shadow Strike","Rogue","2","Rare","Rogue Ideas","1","1","8","0","0","0","0","0","0","2","0","0","0","","","Yes",,,,,,"",,,,,,,,,,
"Bandage","Bandage","Rogue","1","Uncommon","Rogue Ideas","1","1","0","5","0","0","0","0","0","0","0","0","0","","","Yes",,,,,,"",,,,,,,,,,
"Deflect","Deflect","Rogue","1","Common","Rogue Ideas","1","1","0","0","0","10","0","0","0","0","0","0","0","","","Yes",,,,,,"",,,,,,,,,,
"ThrowingKnife","Throwing Knife","Rogue","0","Common","Rogue Ideas","1","1","3","0","0","0","0","0","0","0","0","0","0","","","Yes",,,,,,"",,,,,,,,,,
"FanOfKnives","Fan of Knives","Rogue","2","Uncommon","Rogue Ideas","9","1","4","0","0","0","0","0","0","0","0","0","0","","","Yes",,,,,,"",,,,,,,,,,
"Shadowstep","Shadowstep","Rogue","0","Uncommon","Rogue Ideas","1","1","0","0","0","0","0","0","0","0","0","1","0","","","Yes",,,,,,"",,,,,,,,,,
"Vanish","Vanish","Rogue","1","Rare","Rogue Ideas","1","1","0","0","0","0","0","0","0","0","0","1","0","","Dodge","Partial",,,,,,"",,,,,,,,,,
"Acrobatics","Acrobatics","Rogue","1","Common","Rogue Ideas","1","1","0","0","0","0","0","0","0","0","1","1","0","","","Yes",,,,,,"",,,,,,,,,,
"Hamstring","Hamstring","Rogue","1","Uncommon","Rogue Ideas","1","1","3","0","0","0","0","0","0","0","0","0","0","","Rooted","Partial",,,,,,"",,,,,,,,,,
"SmokeBomb","Smoke Bomb","Rogue","2","Rare","Rogue Ideas","5","1","0","0","0","0","0","0","0","2","0","0","0","","Dodge","Partial",,,,,,"",,,,,,,,,,
"DeadlyPoison","Deadly Poison","Rogue","2","Uncommon","Rogue Ideas","1","1","0","0","0","0","0","21","0","0","0","0","0","","","Yes",,,,,,"",,,,,,,,,,
"CripplingToxin","Crippling Toxin","Rogue","2","Rare","Rogue Ideas","1","1","0","0","0","0","0","6","0","3","0","0","0","","","Yes",,,,,,"",,,,,,,,,,
"Rupture","Rupture","Rogue","2","Rare","Rogue Ideas","1","1","5","0","0","0","0","10","0","0","0","0","0","","","Yes",,,,,,"",,,,,,,,,,
"BladeFlurry","Blade Flurry","Rogue","2","Rare","Rogue Ideas","1","1","3","0","0","0","0","0","0","0","0","0","1","","","Yes",,,,,,"",,,,,,,,,,
"Sharpen","Sharpen","Rogue","1","Common","Rogue Ideas","1","1","0","0","0","0","0","0","2","0","0","0","0","","","Yes",,,,,,"",,,,,,,,,,
"Adrenaline","Adrenaline","Rogue","1","Uncommon","Rogue Ideas","1","1","0","0","0","0","0","0","0","0","2","0","0","","","Yes",,,,,,"",,,,,,,,,,
"ExposeWeakness","Expose Weakness","Rogue","1","Common","Rogue Ideas","1","1","0","0","0","0","0","0","0","4","0","0","0","","","Yes",,,,,,"",,,,,,,,,,
"ToxicCloud","Toxic Cloud","Rogue","3","Rare","Rogue Ideas","13","1","0","0","0","0","0","6","0","0","0","0","0","","","Yes",,,,,,"",,,,,,,,,,
"EvasiveManeuvers","Evasive Maneuvers","Rogue","2","Rare","Rogue Ideas","1","1","0","0","0","0","0","0","0","0","0","0","0","","Dodge","No",,,,,,"",,,,,,,,,,
"Preparation","Preparation","Rogue","0","Rare","Rogue Ideas","1","1","0","0","0","0","0","0","0","0","1","0","0","","","Yes",,,,,,"",,,,,,,,,,
"Shiv","Shiv","Rogue","0","Common","Rogue Ideas","1","1","4","0","0","0","0","0","0","0","0","0","0","","","Yes",,,,,,"",,,,,,,,,,
"DeathBlossom","Death Blossom","Rogue","3","Legendary","Rogue Ideas","13","1","8","0","0","0","0","6","0","0","0","0","0","","","Yes",,,,,,"",,,,,,,,,,
"ThousandCuts","Thousand Cuts","Rogue","3","Rare","Rogue Ideas","1","1","6","0","0","0","0","21","0","0","0","0","0","","","Yes",,,,,,"",,,,,,,,,,
"ShadowDance","Shadow Dance","Rogue","3","Legendary","Rogue Ideas","1","1","0","0","0","0","0","0","0","0","2","1","0","","Dodge","Partial",,,,,,"",,,,,,,,,,
"PerfectAssassin","Perfect Assassin","Rogue","3","Legendary","Rogue Ideas","1","1","20","0","0","0","0","15","0","0","0","0","0","","","Yes",,,,,,"",,,,,,,,,,
"BladeStorm","Blade Storm","Rogue","3","Rare","Rogue Ideas","9","1","7","0","0","0","0","0","0","0","0","0","0","","","Yes",,,,,,"",,,,,,,,,,
"MasterOfShadows","Master of Shadows","Rogue","3","Legendary","Rogue Ideas","1","1","0","0","0","0","0","0","3","0","2","0","0","","Dodge","Partial",,,,,,"",,,,,,,,,,
"LethalDose","Lethal Dose","Rogue","3","Rare","Rogue Ideas","1","1","0","0","0","0","0","55","0","0","0","0","0","","","Yes",,,,,,"",,,,,,,,,,
"Cutthroat","Cutthroat","Rogue","2","Rare","Rogue Ideas","1","1","12","0","0","0","0","0","0","3","0","0","0","","","Yes",,,,,,"",,,,,,,,,,
"FinalAct","Final Act","Rogue","3","Legendary","Rogue Ideas","1","1","15","0","0","0","0","0","0","0","3","0","0","","","Yes",,,,,,"",,,,,,,,,,
